"method","ATTe","ATTse","Mem","Time","sample_size"
"CH",3.99570020522007,0.0296376328098196,21.9069236,13.1966333333333,10000
