"method","ATTe","ATTse","Mem","Time","sample_size"
"CH",4.03685126595188,0.0832182289756584,2.366462376,3.7051,1000
