"method","ATTe","ATTse","Mem","Time","sample_size"
"CSdr",4.03685126595194,0.0845617729933102,0.106274296,0.02155,1000
"CSdr",4.01428414190167,0.0405091552573567,0.457328368,0.03065,5000
"CSdr",3.99570020522084,0.029308807467185,0.897097784,0.0502833333333333,10000
"CSdr",4.00111499120988,0.0197349731719792,1.77688988,0.103783333333333,20000
"CSdr",3.99451629058449,0.0119865663130285,4.342970592,0.301283333333333,50000
"CSdr",3.99710679199794,0.0086835459311093,8.668399048,0.8364,1e+05
"CSdr",4.00125144594622,0.00381372999795971,44.420836464,13.76775,5e+05
"CSdr",3.99910995754337,0.00284630453592985,88.836133496,51.2190833333333,1e+06
