"method","ATTe","ATTse","Mem","Time","sample_size"
"DiDforBigData",3.99975744924798,0.00065532174634087,186.453215864,2.46551666666667,1e+07
