"method","ATTe","ATTse","Mem","Time","sample_size"
"CSbs",4.03685126595194,0.0867548284990062,0.082037848,0.0104666666666769,1000
"CSbs",4.01428414190167,0.0402285811436899,0.38933952,0.0184499999999995,5000
"CSbs",3.99570020522084,0.028334552660646,0.77333004,0.0245499999999993,10000
"CSbs",4.00111499120988,0.0198347295267115,1.54143464,0.0555333333333086,20000
"CSbs",3.99451629058449,0.0125437180133163,3.810355984,0.211066666666678,50000
"CSbs",3.99710679199794,0.00884446175461152,7.615265952,0.629249999999987,1e+05
"CSbs",4.00125144594622,0.00396345930991597,38.365737336,12.6667333333333,5e+05
"CSbs",3.99910995754337,0.00279912599831956,76.73802928,48.7515333333333,1e+06
