"method","ATTe","ATTse","Mem","Time","sample_size"
"CH",4.00111499120849,0.0215684757156787,43.54322648,24.1827166666667,20000
