"method","ATTe","ATTse","Mem","Time","sample_size"
"DiDforBigData",4.03685126595189,0.0640745217194506,0.04422012,0.02165,1000
"DiDforBigData",4.01428414190166,0.029335852388657,0.118546328,0.0221666666666666,5000
"DiDforBigData",3.9957002052207,0.0209175771944039,0.21171148,0.0231166666666667,10000
"DiDforBigData",4.0011149912098,0.0146797296652197,0.397971352,0.0251333333333333,20000
"DiDforBigData",3.99451629058203,0.00928659096535372,0.950188688,0.0309333333333333,50000
"DiDforBigData",3.99710679199893,0.00655231618593976,1.874920064,0.03995,1e+05
"DiDforBigData",4.00125144592115,0.00293126879887261,9.437443632,0.102883333333333,5e+05
"DiDforBigData",3.99910995752997,0.00207086478603619,18.849422016,0.179616666666667,1e+06
