"method","ATTe","ATTse","Mem","Time","sample_size"
"CH",4.01428414190188,0.0379019532444876,11.05142152,8.0013,5000
