"method","ATTe","ATTse","Mem","Time","sample_size"
"BJS",4.03247626205823,0.0500701138426649,0.032671312,0.0168666666666667,1000
"BJS",4.01848006750741,0.0227812255642253,0.154702024,0.55045,5000
"BJS",3.99694802675839,0.016094080290838,0.30758772,4.4099,10000
"BJS",4.0104278347336,0.0113077918917994,0.627024624,36.2284833333333,20000
